{"cameraMode":{"drawMode":0,"name":"Shaded","section":"Shading Mode"},"sceneLighting":true,"audioPlay":false,"sceneViewState":{"m_AlwaysRefresh":false,"showFog":true,"showSkybox":true,"showFlares":true,"showImageEffects":true,"showParticleSystems":true,"showVisualEffectGraphs":true,"m_FxEnabled":true},"in2DMode":false,"pivot":{"x":-2.1126251220703127,"y":-0.2799255847930908,"z":5.348310947418213},"rotation":{"x":0.23669004440307618,"y":-0.12204332649707794,"z":0.029973210766911508,"w":0.9634456038475037},"size":4.109391689300537,"orthographic":false}