{"cameraMode":{"drawMode":0,"name":"Shaded","section":"Shading Mode"},"sceneLighting":true,"audioPlay":false,"sceneViewState":{"m_AlwaysRefresh":false,"showFog":true,"showSkybox":true,"showFlares":true,"showImageEffects":true,"showParticleSystems":true,"showVisualEffectGraphs":true,"m_FxEnabled":true},"in2DMode":false,"pivot":{"x":5.292301177978516,"y":-2.127289295196533,"z":9.909832954406739},"rotation":{"x":0.12390648573637009,"y":-0.09597459435462952,"z":0.012026481330394745,"w":0.9875890612602234},"size":10.78830337524414,"orthographic":false}