{"cameraMode":{"drawMode":0,"name":"Shaded","section":"Shading Mode"},"sceneLighting":true,"audioPlay":false,"sceneViewState":{"m_AlwaysRefresh":false,"showFog":true,"showSkybox":true,"showFlares":true,"showImageEffects":true,"showParticleSystems":true,"showVisualEffectGraphs":true,"m_FxEnabled":true},"in2DMode":false,"pivot":{"x":6.422372817993164,"y":-0.30812299251556399,"z":-8.352933883666993},"rotation":{"x":-0.09097857773303986,"y":0.903055727481842,"z":-0.34643512964248659,"w":-0.23716610670089723},"size":2.0878567695617677,"orthographic":false}